{"cameraMode":{"drawMode":0,"name":"Shaded","section":"Shading Mode"},"sceneLighting":false,"audioPlay":false,"sceneViewState":{"showFog":true,"showMaterialUpdate":false,"showSkybox":false,"showFlares":true,"showImageEffects":true,"showParticleSystems":true},"in2DMode":false,"pivot":{"x":-2.2699999809265138,"y":0.025000005960464479,"z":-0.5199999809265137},"rotation":{"x":-0.004905414767563343,"y":0.982623279094696,"z":-0.18369446694850923,"w":-0.026240933686494829},"size":0.8864113092422485,"orthographic":false}